date,tournament,series,court,surface,round,bestof,winner,loser,wrank,lrank,comment,b365w,b365l,psw,psl,maxw,maxl,avgw,avgl,avgsrc
2026-01-04,Brisbane International,ATP250,Outdoor,Hard,1st Round,3,Tiafoe F.,Vukic A.,30,87,Completed,1.44,2.75,1.52,2.7,1.53,2.95,1.47,2.63,file
2026-01-04,Brisbane International,ATP250,Outdoor,Hard,1st Round,3,Tien L.,Ugo Carabelli C.,26,48,Completed,1.14,5.5,1.2,5.21,1.18,5.5,1.16,5.06,file
2026-01-05,Brisbane International,ATP250,Outdoor,Hard,1st Round,3,Halys Q.,Popyrin A.,91,50,Completed,2.5,1.53,2.49,1.6,2.5,1.57,2.4,1.55,file
2026-01-05,Brisbane International,ATP250,Outdoor,Hard,1st Round,3,Korda S.,Vacherot V.,46,31,Completed,1.5,2.63,1.54,2.64,1.52,2.75,1.48,2.61,file
2026-01-05,Brisbane International,ATP250,Outdoor,Hard,1st Round,3,Lehecka J.,Machac T.,19,35,Completed,1.5,2.63,1.52,2.71,1.57,2.75,1.49,2.56,file
2026-01-05,Brisbane International,ATP250,Outdoor,Hard,1st Round,3,Majchrzak K.,Altmaier D.,59,44,Completed,1.91,1.91,,,1.95,1.91,1.91,1.84,file
2026-01-05,Brisbane International,ATP250,Outdoor,Hard,1st Round,3,Medvedev D.,Fucsovics M.,13,54,Completed,1.29,3.75,1.28,4.03,1.29,3.8,1.26,3.73,file
2026-01-05,Brisbane International,ATP250,Outdoor,Hard,1st Round,3,Michelsen A.,Duckworth J.,37,86,Completed,1.73,2.1,1.73,2.22,1.8,2.2,1.71,2.11,file
2026-01-05,Brisbane International,ATP250,Outdoor,Hard,1st Round,3,Opelka R.,Sweeny D.,60,183,Completed,1.62,2.3,1.6,2.49,1.62,2.6,1.56,2.39,file
2026-01-05,Hong Kong Tennis Open,ATP250,Outdoor,Hard,1st Round,3,Borges N.,Dzumhur D.,45,65,Completed,1.44,2.75,1.47,2.88,1.49,2.8,1.44,2.69,file
2026-01-05,Hong Kong Tennis Open,ATP250,Outdoor,Hard,1st Round,3,Cilic M.,Mannarino A.,70,68,Completed,1.8,2,1.77,2.16,1.81,2.06,1.76,2.02,file
2026-01-05,Hong Kong Tennis Open,ATP250,Outdoor,Hard,1st Round,3,Wu Y.,Marozsan F.,179,53,Completed,2,1.8,2.23,1.72,2.2,1.84,2.08,1.72,file
2026-01-06,Brisbane International,ATP250,Outdoor,Hard,1st Round,3,Collignon R.,Shapovalov D.,84,23,Completed,2.1,1.73,2.03,1.86,2.2,1.78,2.06,1.74,file
2026-01-06,Brisbane International,ATP250,Outdoor,Hard,1st Round,3,Dimitrov G.,Carreno Busta P.,47,92,Completed,1.44,2.75,1.51,2.74,1.55,2.8,1.47,2.67,file
2026-01-06,Brisbane International,ATP250,Outdoor,Hard,1st Round,3,Hijikata R.,Walton A.,111,77,Completed,1.73,2.1,1.79,2.13,1.76,2.1,1.73,2.08,file
2026-01-06,Brisbane International,ATP250,Outdoor,Hard,1st Round,3,Kovacevic A.,Kyrgios N.,58,670,Completed,1.62,2.3,1.6,2.47,1.65,2.5,1.6,2.29,file
2026-01-06,Brisbane International,ATP250,Outdoor,Hard,1st Round,3,Mpetshi G.,Paul T.,67,20,Completed,2.75,1.44,2.73,1.51,2.75,1.55,2.64,1.47,file
2026-01-06,Brisbane International,ATP250,Outdoor,Hard,1st Round,3,Nakashima B.,Davidovich Fokina A.,33,14,Completed,2.5,1.53,2.4,1.63,2.5,1.65,2.35,1.57,file
2026-01-06,Brisbane International,ATP250,Outdoor,Hard,1st Round,3,Norrie C.,Humbert U.,28,36,Completed,2.2,1.67,2.21,1.74,2.2,1.8,2.1,1.72,file
2026-01-06,Hong Kong Tennis Open,ATP250,Outdoor,Hard,1st Round,3,Diallo G.,De Jong J.,40,71,Completed,1.44,2.75,1.43,3.05,1.45,2.9,1.41,2.8,file
2026-01-06,Hong Kong Tennis Open,ATP250,Outdoor,Hard,1st Round,3,Etcheverry T.,Royer V.,57,56,Completed,1.8,2,1.95,1.93,1.91,2.1,1.84,1.93,file
2026-01-06,Hong Kong Tennis Open,ATP250,Outdoor,Hard,1st Round,3,Giron M.,Djere L.,64,95,Completed,1.67,2.2,1.73,2.22,1.73,2.2,1.69,2.11,file
2026-01-06,Hong Kong Tennis Open,ATP250,Outdoor,Hard,1st Round,3,Mmoh M.,Tabilo A.,285,81,Completed,2.3,1.62,2.38,1.65,2.6,1.68,2.35,1.57,file
2026-01-06,Hong Kong Tennis Open,ATP250,Outdoor,Hard,1st Round,3,Muller A.,Kecmanovic M.,52,51,Completed,2.3,1.62,2.26,1.7,2.3,1.73,2.23,1.62,file
2026-01-06,Hong Kong Tennis Open,ATP250,Outdoor,Hard,1st Round,3,Shang J.,Comesana F.,406,66,Completed,1.5,2.63,1.55,2.61,1.6,2.63,1.5,2.53,file
2026-01-06,Hong Kong Tennis Open,ATP250,Outdoor,Hard,1st Round,3,Sonego L.,Sakamoto R.,39,200,Completed,1.44,2.75,1.51,2.74,1.5,2.75,1.46,2.63,file
2026-01-06,Hong Kong Tennis Open,ATP250,Outdoor,Hard,1st Round,3,Van De Zandschulp B.,Struff J.L.,75,82,Completed,2.1,1.73,2.22,1.73,2.23,1.73,2.17,1.66,file
2026-01-06,Hong Kong Tennis Open,ATP250,Outdoor,Hard,1st Round,3,Wong C.,Navone M.,150,72,Completed,1.73,2.1,1.84,2.06,1.82,2.2,1.76,2.02,file
2026-01-07,Brisbane International,ATP250,Outdoor,Hard,2nd Round,3,Korda S.,Lehecka J.,46,19,Retired,2.2,1.67,2.51,1.58,2.35,1.71,2.25,1.62,file
2026-01-07,Brisbane International,ATP250,Outdoor,Hard,2nd Round,3,Majchrzak K.,Opelka R.,59,60,Completed,2,1.8,2.08,1.82,2.04,1.83,1.99,1.8,file
2026-01-07,Brisbane International,ATP250,Outdoor,Hard,2nd Round,3,Medvedev D.,Tiafoe F.,13,30,Completed,1.3,3.5,1.35,3.44,1.33,3.55,1.31,3.42,file
2026-01-07,Brisbane International,ATP250,Outdoor,Hard,2nd Round,3,Michelsen A.,Tien L.,37,26,Completed,2.38,1.57,2.57,1.56,2.54,1.58,2.45,1.54,file
2026-01-07,Hong Kong Tennis Open,ATP250,Outdoor,Hard,2nd Round,3,Borges N.,Cilic M.,45,70,Completed,1.91,1.91,1.93,1.95,1.95,1.94,1.88,1.89,file
2026-01-07,Hong Kong Tennis Open,ATP250,Outdoor,Hard,2nd Round,3,Musetti L.,Etcheverry T.,7,57,Completed,1.3,3.5,,,1.32,3.5,1.3,3.4,file
2026-01-07,Hong Kong Tennis Open,ATP250,Outdoor,Hard,2nd Round,3,Rublev A.,Wu Y.,16,179,Completed,1.44,2.75,1.51,2.6,1.5,2.75,1.47,2.61,file
2026-01-07,Hong Kong Tennis Open,ATP250,Outdoor,Hard,2nd Round,3,Wong C.,Diallo G.,150,40,Completed,2.75,1.44,,,2.95,1.5,2.65,1.46,file
2026-01-08,Brisbane International,ATP250,Outdoor,Hard,2nd Round,3,Collignon R.,Dimitrov G.,84,47,Completed,2.75,1.44,2.76,1.5,2.75,1.53,2.63,1.48,file
2026-01-08,Brisbane International,ATP250,Outdoor,Hard,2nd Round,3,Kovacevic A.,Norrie C.,58,28,Completed,2.63,1.5,2.69,1.52,2.75,1.5,2.64,1.48,file
2026-01-08,Brisbane International,ATP250,Outdoor,Hard,2nd Round,3,Mpetshi G.,Hijikata R.,67,111,Completed,1.57,2.38,1.65,2.35,1.65,2.38,1.6,2.29,file
2026-01-08,Brisbane International,ATP250,Outdoor,Hard,2nd Round,3,Nakashima B.,Halys Q.,33,91,Completed,1.44,2.75,1.44,3,1.45,2.88,1.43,2.77,file
2026-01-08,Hong Kong Tennis Open,ATP250,Outdoor,Hard,2nd Round,3,Bublik A.,Van De Zandschulp B.,11,75,Completed,1.44,2.75,1.48,2.82,1.5,2.8,1.46,2.65,file
2026-01-08,Hong Kong Tennis Open,ATP250,Outdoor,Hard,2nd Round,3,Giron M.,Muller A.,64,52,Completed,1.8,2,1.8,2.11,1.84,2.01,1.79,1.99,file
2026-01-08,Hong Kong Tennis Open,ATP250,Outdoor,Hard,2nd Round,3,Mmoh M.,Khachanov K.,285,17,Completed,3.4,1.33,3.32,1.37,3.4,1.35,3.25,1.33,file
2026-01-08,Hong Kong Tennis Open,ATP250,Outdoor,Hard,2nd Round,3,Shang J.,Sonego L.,406,39,Completed,1.62,2.3,1.69,2.29,1.68,2.3,1.63,2.23,file
2026-01-09,Brisbane International,ATP250,Outdoor,Hard,Quarterfinals,3,Kovacevic A.,Mpetshi G.,58,67,Completed,2.3,1.62,2.25,1.72,2.38,1.68,2.25,1.62,file
2026-01-09,Brisbane International,ATP250,Outdoor,Hard,Quarterfinals,3,Medvedev D.,Majchrzak K.,13,59,Completed,1.14,5.5,1.17,5.95,1.18,6.5,1.15,5.38,file
2026-01-09,Brisbane International,ATP250,Outdoor,Hard,Quarterfinals,3,Michelsen A.,Korda S.,37,46,Completed,2.75,1.44,2.82,1.49,2.75,1.5,2.65,1.46,file
2026-01-09,Brisbane International,ATP250,Outdoor,Hard,Quarterfinals,3,Nakashima B.,Collignon R.,33,84,Completed,1.62,2.3,1.68,2.32,1.83,2.3,1.66,2.18,file
2026-01-09,Hong Kong Tennis Open,ATP250,Outdoor,Hard,Quarterfinals,3,Bublik A.,Shang J.,11,406,Completed,1.53,2.5,,,1.58,2.5,1.54,2.42,file
2026-01-09,Hong Kong Tennis Open,ATP250,Outdoor,Hard,Quarterfinals,3,Giron M.,Mmoh M.,64,285,Retired,1.57,2.38,1.62,2.46,1.62,2.4,1.57,2.35,file
2026-01-09,Hong Kong Tennis Open,ATP250,Outdoor,Hard,Quarterfinals,3,Musetti L.,Wong C.,7,150,Completed,1.25,4,1.29,4.05,1.29,4,1.26,3.71,file
2026-01-09,Hong Kong Tennis Open,ATP250,Outdoor,Hard,Quarterfinals,3,Rublev A.,Borges N.,16,45,Completed,1.44,2.75,1.53,2.69,1.5,2.75,1.47,2.62,file
2026-01-10,Brisbane International,ATP250,Outdoor,Hard,Semifinals,3,Medvedev D.,Michelsen A.,13,37,Completed,1.25,4,,,1.29,4,1.26,3.77,file
2026-01-10,Brisbane International,ATP250,Outdoor,Hard,Semifinals,3,Nakashima B.,Kovacevic A.,33,58,Completed,1.36,3.2,1.37,3.38,1.4,3.2,1.36,3.04,file
2026-01-10,Hong Kong Tennis Open,ATP250,Outdoor,Hard,Semifinals,3,Bublik A.,Giron M.,11,64,Completed,1.29,3.75,,,1.3,3.75,1.28,3.6,file
2026-01-10,Hong Kong Tennis Open,ATP250,Outdoor,Hard,Semifinals,3,Musetti L.,Rublev A.,7,16,Completed,1.8,2,,,1.91,2,1.83,1.95,file
2026-01-11,ASB Classic,ATP250,Outdoor,Hard,1st Round,3,Spizzirri E.,Mannarino A.,89,69,Completed,1.62,2.3,1.59,2.5,1.62,2.4,1.57,2.33,file
2026-01-11,Brisbane International,ATP250,Outdoor,Hard,The Final,3,Medvedev D.,Nakashima B.,13,33,Completed,1.29,3.75,1.29,4.01,1.3,3.75,1.28,3.6,file
2026-01-11,Hong Kong Tennis Open,ATP250,Outdoor,Hard,The Final,3,Bublik A.,Musetti L.,11,7,Completed,1.8,2,1.86,2.05,1.87,2.05,1.8,1.98,file
2026-01-12,ASB Classic,ATP250,Outdoor,Hard,1st Round,3,Baez S.,Nava E.,39,88,Completed,2,1.8,2.19,1.75,2.1,1.8,2.02,1.76,file
2026-01-12,ASB Classic,ATP250,Outdoor,Hard,1st Round,3,Brooksby J.,Watt J.,48,643,Completed,1.07,9,1.08,10,1.07,13,1.06,8.69,file
2026-01-12,ASB Classic,ATP250,Outdoor,Hard,1st Round,3,Comesana F.,Royer V.,68,57,Completed,2.2,1.67,2.21,1.74,2.25,1.75,2.12,1.7,file
2026-01-12,ASB Classic,ATP250,Outdoor,Hard,1st Round,3,Michelsen A.,Navone M.,37,74,Completed,1.3,3.5,1.34,3.55,1.32,3.5,1.3,3.44,file
2026-01-12,ASB Classic,ATP250,Outdoor,Hard,1st Round,3,Norrie C.,Gaston H.,28,94,Completed,1.5,2.63,1.53,2.65,1.53,2.8,1.5,2.55,file
2026-01-12,ASB Classic,ATP250,Outdoor,Hard,1st Round,3,Tabilo A.,Ugo Carabelli C.,81,47,Completed,1.44,2.75,1.47,2.88,1.45,2.8,1.43,2.73,file
2026-01-12,Adelaide International,ATP250,Outdoor,Hard,1st Round,3,Humbert U.,Atmane T.,36,64,Completed,1.3,3.5,1.38,3.3,1.36,3.5,1.33,3.27,file
2026-01-12,Adelaide International,ATP250,Outdoor,Hard,1st Round,3,Kokkinakis T.,Korda S.,670,51,Completed,3.5,1.3,3.47,1.35,3.6,1.35,3.37,1.31,file
2026-01-12,Adelaide International,ATP250,Outdoor,Hard,1st Round,3,Munar J.,Altmaier D.,38,44,Completed,1.4,3,1.41,3.14,1.44,3,1.39,2.9,file
2026-01-12,Adelaide International,ATP250,Outdoor,Hard,1st Round,3,Opelka R.,Popyrin A.,62,49,Completed,2,1.8,2.07,1.83,2.08,1.85,2.01,1.77,file
2026-01-12,Adelaide International,ATP250,Outdoor,Hard,1st Round,3,Vacherot V.,Kecmanovic M.,32,59,Completed,1.73,2.1,1.78,2.15,1.75,2.2,1.72,2.09,file
2026-01-13,ASB Classic,ATP250,Outdoor,Hard,1st Round,3,Borges N.,Etcheverry T.,46,61,Completed,1.8,2,1.88,2,1.85,2,1.81,1.96,file
2026-01-13,ASB Classic,ATP250,Outdoor,Hard,1st Round,3,Giron M.,Muller A.,60,50,Completed,1.8,2,1.88,2,1.8,2.12,1.74,2.05,file
2026-01-13,ASB Classic,ATP250,Outdoor,Hard,2nd Round,3,Giron M.,Michelsen A.,60,37,Completed,1.91,1.91,,,2.02,1.91,1.96,1.81,file
2026-01-13,ASB Classic,ATP250,Outdoor,Hard,1st Round,3,Marozsan F.,Monfils G.,52,110,Completed,1.62,2.3,1.67,2.33,1.65,2.38,1.6,2.3,file
2026-01-13,ASB Classic,ATP250,Outdoor,Hard,1st Round,3,Medjedovic H.,Kovacevic A.,96,54,Completed,1.44,2.75,1.53,2.67,1.5,2.8,1.46,2.67,file
2026-01-13,ASB Classic,ATP250,Outdoor,Hard,1st Round,3,Mpetshi G.,Bautista Agut R.,63,90,Completed,1.44,2.75,1.4,3.19,1.47,3.1,1.4,2.88,file
2026-01-13,ASB Classic,ATP250,Outdoor,Hard,2nd Round,3,Shelton B.,Comesana F.,8,68,Completed,1.25,4,,,1.32,4,1.29,3.53,file
2026-01-13,Adelaide International,ATP250,Outdoor,Hard,1st Round,3,Fucsovics M.,Quinn E.,55,78,Completed,1.8,2,1.74,2.21,1.9,2.05,1.79,1.98,file
2026-01-13,Adelaide International,ATP250,Outdoor,Hard,1st Round,3,Halys Q.,Fearnley J.,85,77,Completed,1.57,2.38,,,1.68,2.38,1.63,2.23,file
2026-01-13,Adelaide International,ATP250,Outdoor,Hard,1st Round,3,Hijikata R.,Schoolkate T.,115,97,Completed,1.62,2.3,1.71,2.25,1.67,2.3,1.63,2.23,file
2026-01-13,Adelaide International,ATP250,Outdoor,Hard,1st Round,3,Machac T.,Duckworth J.,35,86,Completed,1.62,2.3,1.58,2.53,1.67,2.3,1.62,2.25,file
2026-01-13,Adelaide International,ATP250,Outdoor,Hard,1st Round,3,Shevchenko A.,Dzumhur D.,104,66,Completed,1.73,2.1,,,1.74,2.25,1.67,2.15,file
2026-01-13,Adelaide International,ATP250,Outdoor,Hard,1st Round,3,Vavassori A.,Diallo G.,336,41,Completed,3.4,1.33,,,3.5,1.9,3.05,1.42,file
2026-01-13,Adelaide International,ATP250,Outdoor,Hard,1st Round,3,Vukic A.,Tsitsipas S.,87,33,Completed,3.75,1.29,,,3.75,1.32,3.51,1.29,file
2026-01-14,ASB Classic,ATP250,Outdoor,Hard,2nd Round,3,Baez S.,Brooksby J.,39,48,Completed,2.5,1.53,,,2.63,1.6,2.41,1.55,file
2026-01-14,ASB Classic,ATP250,Outdoor,Hard,2nd Round,3,Darderi L.,Tabilo A.,24,81,Completed,2.3,1.62,,,2.43,1.65,2.34,1.59,file
2026-01-14,ASB Classic,ATP250,Outdoor,Hard,Quarterfinals,3,Giron M.,Darderi L.,60,24,Completed,1.4,3,,,1.44,3,1.41,2.84,file
2026-01-14,ASB Classic,ATP250,Outdoor,Hard,2nd Round,3,Marozsan F.,Ruud C.,52,13,Completed,3,1.4,,,3,1.49,2.76,1.44,file
2026-01-14,ASB Classic,ATP250,Outdoor,Hard,2nd Round,3,Mensik J.,Medjedovic H.,18,96,Completed,1.67,2.2,,,1.7,2.3,1.66,2.19,file
2026-01-14,ASB Classic,ATP250,Outdoor,Hard,2nd Round,3,Mpetshi G.,Norrie C.,63,28,Completed,2.1,1.73,,,2.12,1.85,2.05,1.74,file
2026-01-14,ASB Classic,ATP250,Outdoor,Hard,2nd Round,3,Spizzirri E.,Borges N.,89,46,Completed,2.1,1.73,,,2.18,1.75,2.08,1.72,file
2026-01-14,Adelaide International,ATP250,Outdoor,Hard,2nd Round,3,Davidovich Fokina A.,Hijikata R.,15,115,Completed,1.36,3.2,,,1.44,3.2,1.37,3.03,file
2026-01-14,Adelaide International,ATP250,Outdoor,Hard,2nd Round,3,Humbert U.,Griekspoor T.,36,25,Completed,1.53,2.5,,,1.6,2.5,1.53,2.45,file
2026-01-14,Adelaide International,ATP250,Outdoor,Hard,2nd Round,3,Machac T.,Halys Q.,35,85,Completed,1.57,2.38,,,1.67,2.4,1.58,2.32,file
2026-01-14,Adelaide International,ATP250,Outdoor,Hard,2nd Round,3,Munar J.,Cerundolo F.,38,20,Completed,1.67,2.2,,,1.67,2.25,1.65,2.2,file
2026-01-14,Adelaide International,ATP250,Outdoor,Hard,2nd Round,3,Paul T.,Opelka R.,21,62,Completed,1.53,2.5,,,1.61,2.5,1.55,2.4,file
2026-01-14,Adelaide International,ATP250,Outdoor,Hard,2nd Round,3,Shevchenko A.,Fucsovics M.,104,55,Completed,2.75,1.44,,,2.75,1.53,2.61,1.48,file
2026-01-14,Adelaide International,ATP250,Outdoor,Hard,2nd Round,3,Vacherot V.,Kokkinakis T.,32,670,Walkover,1.44,2.75,,,1.5,2.88,1.44,2.73,file
2026-01-14,Adelaide International,ATP250,Outdoor,Hard,2nd Round,3,Vukic A.,Vavassori A.,87,336,Completed,1.62,2.3,,,1.63,2.5,1.56,2.39,file
2026-01-15,ASB Classic,ATP250,Outdoor,Hard,Quarterfinals,3,Baez S.,Shelton B.,39,8,Completed,4.33,1.22,,,4.33,1.25,4.03,1.23,file
2026-01-15,ASB Classic,ATP250,Outdoor,Hard,Quarterfinals,3,Marozsan F.,Spizzirri E.,52,89,Completed,1.73,2.1,,,1.73,2.18,1.71,2.11,file
2026-01-15,ASB Classic,ATP250,Outdoor,Hard,Quarterfinals,3,Mensik J.,Mpetshi G.,18,63,Completed,1.62,2.3,,,1.65,2.3,1.62,2.25,file
2026-01-15,Adelaide International,ATP250,Outdoor,Hard,Quarterfinals,3,Davidovich Fokina A.,Vacherot V.,15,32,Completed,1.53,2.5,,,1.87,2.5,1.55,2.43,file
2026-01-15,Adelaide International,ATP250,Outdoor,Hard,Quarterfinals,3,Humbert U.,Shevchenko A.,36,104,Completed,1.25,4,,,1.26,4.2,1.24,3.89,file
2026-01-15,Adelaide International,ATP250,Outdoor,Hard,Quarterfinals,3,Machac T.,Munar J.,35,38,Completed,1.73,2.1,,,1.91,2.1,1.77,2.01,file
2026-01-15,Adelaide International,ATP250,Outdoor,Hard,Quarterfinals,3,Paul T.,Vukic A.,21,87,Completed,1.22,4.33,,,1.29,4.33,1.24,3.97,file
2026-01-16,ASB Classic,ATP250,Outdoor,Hard,Semifinals,3,Baez S.,Giron M.,39,60,Completed,2.38,1.57,,,2.6,1.6,2.49,1.52,file
2026-01-16,ASB Classic,ATP250,Outdoor,Hard,Semifinals,3,Mensik J.,Marozsan F.,18,52,Completed,1.3,3.5,,,1.33,3.5,1.32,3.3,file
2026-01-16,Adelaide International,ATP250,Outdoor,Hard,Semifinals,3,Humbert U.,Davidovich Fokina A.,36,15,Completed,1.8,2,,,1.83,2.05,1.77,2.01,file
2026-01-16,Adelaide International,ATP250,Outdoor,Hard,Semifinals,3,Machac T.,Paul T.,35,21,Completed,2.38,1.57,,,2.4,1.63,2.31,1.59,file
2026-01-17,ASB Classic,ATP250,Outdoor,Hard,The Final,3,Mensik J.,Baez S.,18,39,Completed,1.44,2.75,,,1.47,2.8,1.45,2.72,file
2026-01-17,Adelaide International,ATP250,Outdoor,Hard,The Final,3,Machac T.,Humbert U.,35,36,Completed,2.2,1.67,,,2.25,1.68,2.2,1.66,file
2026-01-18,Australian Open,Grand Slam,Outdoor,Hard,1st Round,5,Alcaraz C.,Walton A.,1,81,Completed,,41,,,1.01,41,1.01,24.06,file
2026-01-18,Australian Open,Grand Slam,Outdoor,Hard,1st Round,5,Bublik A.,Brooksby J.,10,48,Completed,1.29,3.75,,,1.29,3.9,1.27,3.73,file
2026-01-18,Australian Open,Grand Slam,Outdoor,Hard,1st Round,5,Cerundolo F.,Zhang Zh.,21,368,Completed,1.4,3,,,1.43,3,1.41,2.83,file
2026-01-18,Australian Open,Grand Slam,Outdoor,Hard,1st Round,5,Comesana F.,Kypson P.,68,116,Completed,1.57,2.38,,,1.62,2.38,1.59,2.3,file
2026-01-18,Australian Open,Grand Slam,Outdoor,Hard,1st Round,5,Dzumhur D.,Draxl L.,66,145,Completed,1.73,2.1,,,1.8,2.1,1.74,2.05,file
2026-01-18,Australian Open,Grand Slam,Outdoor,Hard,1st Round,5,Etcheverry T.,Kecmanovic M.,62,60,Completed,1.73,2.1,,,1.75,2.16,1.71,2.11,file
2026-01-18,Australian Open,Grand Slam,Outdoor,Hard,1st Round,5,Faria J.,Blockx A.,151,96,Completed,2.38,1.57,,,2.65,1.62,2.4,1.55,file
2026-01-18,Australian Open,Grand Slam,Outdoor,Hard,1st Round,5,Fery A.,Cobolli F.,186,22,Completed,3.2,1.36,,,3.2,1.43,2.89,1.4,file
2026-01-18,Australian Open,Grand Slam,Outdoor,Hard,1st Round,5,Fucsovics M.,Ugo Carabelli C.,54,49,Completed,1.2,4.5,,,1.23,4.5,1.22,4.19,file
2026-01-18,Australian Open,Grand Slam,Outdoor,Hard,1st Round,5,Hanfmann Y.,Svajda Z.,102,143,Completed,2.3,1.62,,,2.4,1.64,2.31,1.58,file
2026-01-18,Australian Open,Grand Slam,Outdoor,Hard,1st Round,5,Moutet C.,Schoolkate T.,37,98,Completed,1.33,3.4,,,1.36,3.5,1.34,3.22,file
2026-01-18,Australian Open,Grand Slam,Outdoor,Hard,1st Round,5,Nava E.,Jacquet K.,89,128,Completed,1.57,2.38,,,1.64,2.4,1.58,2.32,file
2026-01-18,Australian Open,Grand Slam,Outdoor,Hard,1st Round,5,Norrie C.,Bonzi B.,27,106,Completed,1.3,3.5,,,1.3,4,1.28,3.54,file
2026-01-18,Australian Open,Grand Slam,Outdoor,Hard,1st Round,5,Tiafoe F.,Kubler J.,34,194,Completed,1.29,3.75,,,1.3,4,1.29,3.53,file
2026-01-18,Australian Open,Grand Slam,Outdoor,Hard,1st Round,5,Zheng M.,Korda S.,174,53,Completed,3.5,1.3,,,3.8,1.33,3.45,1.3,file
2026-01-18,Australian Open,Grand Slam,Outdoor,Hard,1st Round,5,Zverev A.,Diallo G.,3,41,Completed,1.13,6,,,1.14,6.5,1.13,5.88,file
2026-01-19,Australian Open,Grand Slam,Outdoor,Hard,1st Round,5,Borges N.,Auger-Aliassime F.,46,8,Retired,3.75,1.29,,,3.75,1.33,3.61,1.28,file
2026-01-19,Australian Open,Grand Slam,Outdoor,Hard,1st Round,5,Cilic M.,Altmaier D.,70,44,Completed,1.5,2.63,,,1.55,2.63,1.52,2.49,file
2026-01-19,Australian Open,Grand Slam,Outdoor,Hard,1st Round,5,Davidovich Fokina A.,Misolic F.,14,84,Completed,1.06,10,,,1.08,10,1.06,8.94,file
2026-01-19,Australian Open,Grand Slam,Outdoor,Hard,1st Round,5,De Minaur A.,McDonald M.,6,113,Completed,1.05,11,,,1.06,11,1.05,10.02,file
2026-01-19,Australian Open,Grand Slam,Outdoor,Hard,1st Round,5,Djokovic N.,Martinez P.,4,71,Completed,1.02,17,,,1.04,17,1.03,12.53,file
2026-01-19,Australian Open,Grand Slam,Outdoor,Hard,1st Round,5,Gea A.,Lehecka J.,198,19,Completed,3.4,1.33,,,3.4,1.35,3.26,1.32,file
2026-01-19,Australian Open,Grand Slam,Outdoor,Hard,1st Round,5,Halys Q.,Tabilo A.,83,79,Completed,1.8,2,,,1.85,2.3,1.77,2.03,file
2026-01-19,Australian Open,Grand Slam,Outdoor,Hard,1st Round,5,Hijikata R.,Mannarino A.,114,69,Completed,1.57,2.38,,,1.7,2.4,1.6,2.31,file
2026-01-19,Australian Open,Grand Slam,Outdoor,Hard,1st Round,5,Maestrelli F.,Atmane T.,141,64,Completed,2.63,1.5,,,2.63,1.53,2.52,1.5,file
2026-01-19,Australian Open,Grand Slam,Outdoor,Hard,1st Round,5,Majchrzak K.,Fearnley J.,59,77,Completed,1.44,2.75,,,1.5,2.88,1.43,2.75,file
2026-01-19,Australian Open,Grand Slam,Outdoor,Hard,1st Round,5,Marozsan F.,Rinderknech A.,47,28,Completed,1.8,2,,,1.85,2.1,1.81,1.97,file
2026-01-19,Australian Open,Grand Slam,Outdoor,Hard,1st Round,5,Medjedovic H.,Navone M.,90,74,Completed,1.36,3.2,,,1.4,3.2,1.37,3,file
2026-01-19,Australian Open,Grand Slam,Outdoor,Hard,1st Round,5,Medvedev D.,De Jong J.,12,73,Completed,1.04,13,,,1.06,13,1.05,9.88,file
2026-01-19,Australian Open,Grand Slam,Outdoor,Hard,1st Round,5,Muller A.,Popyrin A.,52,50,Completed,3.2,1.36,,,3.25,1.41,3.04,1.36,file
2026-01-19,Australian Open,Grand Slam,Outdoor,Hard,1st Round,5,Munar J.,Svrcina D.,39,95,Completed,1.22,4.33,,,1.25,4.33,1.23,3.98,file
2026-01-19,Australian Open,Grand Slam,Outdoor,Hard,1st Round,5,Opelka R.,Budkov Kjaer N.,63,135,Completed,1.53,2.5,,,1.6,2.6,1.55,2.41,file
2026-01-19,Australian Open,Grand Slam,Outdoor,Hard,1st Round,5,Paul T.,Kovacevic A.,20,56,Completed,1.17,5,,,1.2,5.75,1.17,4.81,file
2026-01-19,Australian Open,Grand Slam,Outdoor,Hard,1st Round,5,Rublev A.,Arnaldi M.,15,65,Completed,1.22,4.33,,,1.25,4.5,1.24,4.01,file
2026-01-19,Australian Open,Grand Slam,Outdoor,Hard,1st Round,5,Ruud C.,Bellucci M.,13,76,Completed,1.17,5,,,1.21,5.25,1.19,4.61,file
2026-01-19,Australian Open,Grand Slam,Outdoor,Hard,1st Round,5,Shang J.,Bautista Agut R.,318,91,Completed,1.3,3.5,,,1.32,3.8,1.29,3.48,file
2026-01-19,Australian Open,Grand Slam,Outdoor,Hard,1st Round,5,Shapovalov D.,Bu Y.,23,120,Completed,1.5,2.63,,,1.52,2.63,1.49,2.57,file
2026-01-19,Australian Open,Grand Slam,Outdoor,Hard,1st Round,5,Shevchenko A.,Ymer E.,97,175,Completed,1.44,2.75,,,1.5,2.9,1.44,2.72,file
2026-01-19,Australian Open,Grand Slam,Outdoor,Hard,1st Round,5,Thompson J.,Cerundolo J.M.,111,87,Completed,1.44,2.75,,,1.45,2.88,1.42,2.79,file
2026-01-19,Australian Open,Grand Slam,Outdoor,Hard,1st Round,5,Tien L.,Giron M.,29,51,Completed,1.5,2.63,,,1.55,2.63,1.52,2.49,file
2026-01-19,Australian Open,Grand Slam,Outdoor,Hard,1st Round,5,Tirante T.A.,Vukic A.,103,78,Completed,2.75,1.44,,,2.95,1.45,2.78,1.43,file
2026-01-19,Australian Open,Grand Slam,Outdoor,Hard,1st Round,5,Vacherot V.,Damm M.,31,177,Completed,1.44,2.75,,,1.48,2.75,1.46,2.67,file
2026-01-19,Australian Open,Grand Slam,Outdoor,Hard,1st Round,5,Van De Zandschulp B.,Nakashima B.,75,30,Completed,3.2,1.36,,,3.25,1.4,3.09,1.35,file
2026-01-19,Australian Open,Grand Slam,Outdoor,Hard,1st Round,5,Wawrinka S.,Djere L.,139,92,Completed,1.8,2,,,1.85,2.05,1.81,1.96,file
2026-01-20,Australian Open,Grand Slam,Outdoor,Hard,1st Round,5,Baez S.,Mpetshi G.,36,61,Completed,2.3,1.62,,,2.3,1.73,2.16,1.67,file
2026-01-20,Australian Open,Grand Slam,Outdoor,Hard,1st Round,5,Basavareddy N.,O Connell C.,242,118,Completed,1.62,2.3,,,1.7,2.32,1.62,2.25,file
2026-01-20,Australian Open,Grand Slam,Outdoor,Hard,1st Round,5,Darderi L.,Garin C.,25,82,Completed,1.5,2.63,,,1.53,2.88,1.49,2.57,file
2026-01-20,Australian Open,Grand Slam,Outdoor,Hard,1st Round,5,Duckworth J.,Prizmic D.,88,127,Completed,2.1,1.73,,,2.13,1.75,2.07,1.73,file
2026-01-20,Australian Open,Grand Slam,Outdoor,Hard,1st Round,5,Fritz T.,Royer V.,9,58,Completed,1.11,6.5,,,1.14,7,1.12,6.24,file
2026-01-20,Australian Open,Grand Slam,Outdoor,Hard,1st Round,5,Hurkacz H.,Bergs Z.,55,43,Completed,1.36,3.2,,,1.4,3.25,1.37,3.02,file
2026-01-20,Australian Open,Grand Slam,Outdoor,Hard,1st Round,5,Jodar R.,Sakamoto R.,150,203,Completed,1.33,3.4,,,1.42,3.4,1.37,3.04,file
2026-01-20,Australian Open,Grand Slam,Outdoor,Hard,1st Round,5,Khachanov K.,Michelsen A.,18,38,Completed,1.57,2.38,,,1.62,2.45,1.56,2.38,file
2026-01-20,Australian Open,Grand Slam,Outdoor,Hard,1st Round,5,Kopriva V.,Struff J.L.,101,86,Completed,3,1.4,,,3,1.44,2.83,1.41,file
2026-01-20,Australian Open,Grand Slam,Outdoor,Hard,1st Round,5,Machac T.,Dimitrov G.,24,45,Completed,1.73,2.1,,,1.73,2.2,1.68,2.14,file
2026-01-20,Australian Open,Grand Slam,Outdoor,Hard,1st Round,5,Mensik J.,Carreno Busta P.,17,94,Completed,1.22,4.33,,,1.24,4.33,1.22,4.08,file
2026-01-20,Australian Open,Grand Slam,Outdoor,Hard,1st Round,5,Musetti L.,Collignon R.,5,72,Retired,1.25,4,,,1.26,4.2,1.24,3.93,file
2026-01-20,Australian Open,Grand Slam,Outdoor,Hard,1st Round,5,Quinn E.,Griekspoor T.,80,26,Completed,2.1,1.73,,,2.17,1.8,2.08,1.72,file
2026-01-20,Australian Open,Grand Slam,Outdoor,Hard,1st Round,5,Shelton B.,Humbert U.,7,33,Completed,1.57,2.38,,,1.62,2.43,1.57,2.34,file
2026-01-20,Australian Open,Grand Slam,Outdoor,Hard,1st Round,5,Sinner J.,Gaston H.,2,93,Retired,,51,,,1.01,51,1.01,26.85,file
2026-01-20,Australian Open,Grand Slam,Outdoor,Hard,1st Round,5,Sonego L.,Taberner C.,40,99,Completed,1.08,8,,,1.1,8.5,1.08,7.38,file
2026-01-20,Australian Open,Grand Slam,Outdoor,Hard,1st Round,5,Spizzirri E.,Fonseca J.,85,32,Completed,2.63,1.5,,,2.63,1.55,2.48,1.53,file
2026-01-20,Australian Open,Grand Slam,Outdoor,Hard,1st Round,5,Sweeny D.,Monfils G.,182,110,Completed,2.38,1.57,,,2.5,1.57,2.41,1.54,file
2026-01-20,Australian Open,Grand Slam,Outdoor,Hard,1st Round,5,Tsitsipas S.,Mochizuki S.,35,112,Completed,1.11,6.5,,,1.15,7,1.12,5.96,file
2026-01-20,Australian Open,Grand Slam,Outdoor,Hard,1st Round,5,Wu Y.,Nardi L.,168,108,Completed,1.25,4,,,1.3,4.5,1.24,3.97,file
2026-01-21,Australian Open,Grand Slam,Outdoor,Hard,2nd Round,5,Alcaraz C.,Hanfmann Y.,1,102,Completed,1.01,26,,,1.02,29,1.01,19.31,file
2026-01-21,Australian Open,Grand Slam,Outdoor,Hard,2nd Round,5,Borges N.,Thompson J.,46,111,Completed,1.53,2.5,,,1.67,2.53,1.55,2.43,file
2026-01-21,Australian Open,Grand Slam,Outdoor,Hard,2nd Round,5,Bublik A.,Fucsovics M.,10,54,Completed,1.2,4.5,,,1.2,5,1.2,4.48,file
2026-01-21,Australian Open,Grand Slam,Outdoor,Hard,2nd Round,5,Cerundolo F.,Dzumhur D.,21,66,Completed,1.2,4.5,,,1.22,4.75,1.2,4.41,file
2026-01-21,Australian Open,Grand Slam,Outdoor,Hard,2nd Round,5,Davidovich Fokina A.,Opelka R.,14,63,Completed,1.4,3,,,1.44,3,1.4,2.89,file
2026-01-21,Australian Open,Grand Slam,Outdoor,Hard,2nd Round,5,De Minaur A.,Medjedovic H.,6,90,Completed,1.13,6,,,1.15,6,1.14,5.5,file
2026-01-21,Australian Open,Grand Slam,Outdoor,Hard,2nd Round,5,Etcheverry T.,Fery A.,62,186,Completed,1.62,2.3,,,1.63,2.35,1.6,2.29,file
2026-01-21,Australian Open,Grand Slam,Outdoor,Hard,2nd Round,5,Marozsan F.,Majchrzak K.,47,59,Completed,1.57,2.38,,,1.65,2.38,1.59,2.33,file
2026-01-21,Australian Open,Grand Slam,Outdoor,Hard,2nd Round,5,Medvedev D.,Halys Q.,12,83,Completed,1.1,7,,,1.12,7.5,1.1,6.55,file
2026-01-21,Australian Open,Grand Slam,Outdoor,Hard,2nd Round,5,Moutet C.,Zheng M.,37,174,Retired,1.62,2.3,,,1.67,2.35,1.64,2.24,file
2026-01-21,Australian Open,Grand Slam,Outdoor,Hard,2nd Round,5,Norrie C.,Nava E.,27,89,Completed,1.44,2.75,,,1.44,2.9,1.42,2.83,file
2026-01-21,Australian Open,Grand Slam,Outdoor,Hard,2nd Round,5,Paul T.,Tirante T.A.,20,103,Completed,1.07,9,,,1.1,9,1.08,7.83,file
2026-01-21,Australian Open,Grand Slam,Outdoor,Hard,2nd Round,5,Rublev A.,Faria J.,15,151,Completed,1.1,7,,,1.12,7.5,1.1,6.54,file
2026-01-21,Australian Open,Grand Slam,Outdoor,Hard,2nd Round,5,Tiafoe F.,Comesana F.,34,68,Completed,1.4,3,,,1.44,3,1.4,2.91,file
2026-01-21,Australian Open,Grand Slam,Outdoor,Hard,2nd Round,5,Tien L.,Shevchenko A.,29,97,Completed,1.17,5,,,1.21,5.25,1.18,4.71,file
2026-01-21,Australian Open,Grand Slam,Outdoor,Hard,2nd Round,5,Zverev A.,Muller A.,3,52,Completed,1.05,11,,,1.06,11,1.05,9.98,file
2026-01-22,Australian Open,Grand Slam,Outdoor,Hard,2nd Round,5,Cilic M.,Shapovalov D.,70,23,Completed,2.2,1.67,,,2.3,1.7,2.21,1.65,file
2026-01-22,Australian Open,Grand Slam,Outdoor,Hard,2nd Round,5,Darderi L.,Baez S.,25,36,Completed,2.5,1.53,,,2.5,1.6,2.38,1.56,file
2026-01-22,Australian Open,Grand Slam,Outdoor,Hard,2nd Round,5,Djokovic N.,Maestrelli F.,4,141,Completed,1.01,29,,,1.02,29,1.01,17.12,file
2026-01-22,Australian Open,Grand Slam,Outdoor,Hard,2nd Round,5,Fritz T.,Kopriva V.,9,101,Completed,1.08,8,,,1.09,8.5,1.08,7.73,file
2026-01-22,Australian Open,Grand Slam,Outdoor,Hard,2nd Round,5,Khachanov K.,Basavareddy N.,18,242,Completed,1.29,3.75,,,1.34,3.8,1.3,3.46,file
2026-01-22,Australian Open,Grand Slam,Outdoor,Hard,2nd Round,5,Machac T.,Tsitsipas S.,24,35,Completed,1.67,2.2,,,1.7,2.45,1.59,2.32,file
2026-01-22,Australian Open,Grand Slam,Outdoor,Hard,2nd Round,5,Mensik J.,Jodar R.,17,150,Completed,1.44,2.75,,,1.55,2.75,1.52,2.5,file
2026-01-22,Australian Open,Grand Slam,Outdoor,Hard,2nd Round,5,Musetti L.,Sonego L.,5,40,Completed,1.36,3.2,,,1.4,3.25,1.36,3.09,file
2026-01-22,Australian Open,Grand Slam,Outdoor,Hard,2nd Round,5,Quinn E.,Hurkacz H.,80,55,Completed,4,1.25,,,4,1.26,3.9,1.24,file
2026-01-22,Australian Open,Grand Slam,Outdoor,Hard,2nd Round,5,Ruud C.,Munar J.,13,39,Completed,1.4,3,,,1.42,3.1,1.39,2.92,file
2026-01-22,Australian Open,Grand Slam,Outdoor,Hard,2nd Round,5,Shelton B.,Sweeny D.,7,182,Completed,1.06,10,,,1.09,10,1.07,8.06,file
2026-01-22,Australian Open,Grand Slam,Outdoor,Hard,2nd Round,5,Sinner J.,Duckworth J.,2,88,Completed,,51,,,1.01,51,1.01,22.15,file
2026-01-22,Australian Open,Grand Slam,Outdoor,Hard,2nd Round,5,Spizzirri E.,Wu Y.,85,168,Completed,1.67,2.2,,,1.7,2.21,1.67,2.17,file
2026-01-22,Australian Open,Grand Slam,Outdoor,Hard,2nd Round,5,Vacherot V.,Hijikata R.,31,114,Completed,1.5,2.63,,,1.54,2.63,1.51,2.53,file
2026-01-22,Australian Open,Grand Slam,Outdoor,Hard,2nd Round,5,Van De Zandschulp B.,Shang J.,75,318,Completed,2.3,1.62,,,2.3,1.7,2.22,1.64,file
2026-01-22,Australian Open,Grand Slam,Outdoor,Hard,2nd Round,5,Wawrinka S.,Gea A.,139,198,Completed,2.5,1.53,,,2.5,1.58,2.4,1.55,file
2026-01-23,Australian Open,Grand Slam,Outdoor,Hard,3rd Round,5,Alcaraz C.,Moutet C.,1,37,Completed,1.01,21,,,1.02,23,1.01,17.54,file
2026-01-23,Australian Open,Grand Slam,Outdoor,Hard,3rd Round,5,Bublik A.,Etcheverry T.,10,62,Completed,1.2,4.5,,,1.25,4.5,1.22,4.12,file
2026-01-23,Australian Open,Grand Slam,Outdoor,Hard,3rd Round,5,Cerundolo F.,Rublev A.,21,15,Completed,2.1,1.73,,,2.2,1.75,2.1,1.72,file
2026-01-23,Australian Open,Grand Slam,Outdoor,Hard,3rd Round,5,Darderi L.,Khachanov K.,25,18,Completed,4.5,1.2,,,4.5,1.23,4.26,1.21,file
2026-01-23,Australian Open,Grand Slam,Outdoor,Hard,3rd Round,5,De Minaur A.,Tiafoe F.,6,34,Completed,1.17,5,,,1.18,5.1,1.17,4.8,file
2026-01-23,Australian Open,Grand Slam,Outdoor,Hard,3rd Round,5,Medvedev D.,Marozsan F.,12,47,Completed,1.17,5,,,1.19,5,1.18,4.67,file
2026-01-23,Australian Open,Grand Slam,Outdoor,Hard,3rd Round,5,Musetti L.,Machac T.,5,24,Completed,1.5,2.63,,,1.54,2.63,1.5,2.52,file
2026-01-23,Australian Open,Grand Slam,Outdoor,Hard,3rd Round,5,Paul T.,Davidovich Fokina A.,20,14,Retired,1.44,2.75,,,1.5,2.8,1.47,2.65,file
2026-01-23,Australian Open,Grand Slam,Outdoor,Hard,3rd Round,5,Tien L.,Borges N.,29,46,Completed,1.4,3,,,1.44,3,1.42,2.82,file
2026-01-23,Australian Open,Grand Slam,Outdoor,Hard,3rd Round,5,Zverev A.,Norrie C.,3,27,Completed,1.2,4.5,,,1.22,5.25,1.21,4.35,file
2026-01-24,Australian Open,Grand Slam,Outdoor,Hard,3rd Round,5,Djokovic N.,Van De Zandschulp B.,4,75,Completed,1.06,10,,,1.08,10,1.07,8.23,file
2026-01-24,Australian Open,Grand Slam,Outdoor,Hard,3rd Round,5,Fritz T.,Wawrinka S.,9,139,Completed,1.08,8,,,1.09,8.5,1.08,7.48,file
2026-01-24,Australian Open,Grand Slam,Outdoor,Hard,3rd Round,5,Mensik J.,Quinn E.,17,80,Completed,1.44,2.75,,,1.48,2.75,1.45,2.69,file
2026-01-24,Australian Open,Grand Slam,Outdoor,Hard,3rd Round,5,Ruud C.,Cilic M.,13,70,Completed,1.33,3.4,,,1.4,3.4,1.35,3.14,file
2026-01-24,Australian Open,Grand Slam,Outdoor,Hard,3rd Round,5,Shelton B.,Vacherot V.,7,31,Completed,1.22,4.33,,,1.29,4.33,1.23,4.04,file
2026-01-24,Australian Open,Grand Slam,Outdoor,Hard,3rd Round,5,Sinner J.,Spizzirri E.,2,85,Completed,,41,,,1.01,67,1.01,33.15,file
2026-01-25,Australian Open,Grand Slam,Outdoor,Hard,4th Round,5,Alcaraz C.,Paul T.,1,20,Completed,1.08,8,,,1.12,8,1.09,6.94,file
2026-01-25,Australian Open,Grand Slam,Outdoor,Hard,4th Round,5,De Minaur A.,Bublik A.,6,10,Completed,1.53,2.5,,,1.6,2.55,1.55,2.41,file
2026-01-25,Australian Open,Grand Slam,Outdoor,Hard,4th Round,5,Tien L.,Medvedev D.,29,12,Completed,2.75,1.44,,,3,1.48,2.75,1.43,file
2026-01-25,Australian Open,Grand Slam,Outdoor,Hard,4th Round,5,Zverev A.,Cerundolo F.,3,21,Completed,1.36,3.2,,,1.4,3.25,1.35,3.12,file
2026-01-26,Australian Open,Grand Slam,Outdoor,Hard,4th Round,5,Djokovic N.,Mensik J.,4,17,Walkover,1.25,4,,,1.29,4,1.26,3.72,file
2026-01-26,Australian Open,Grand Slam,Outdoor,Hard,4th Round,5,Musetti L.,Fritz T.,5,9,Completed,2.1,1.73,,,2.15,1.75,2.1,1.72,file
2026-01-26,Australian Open,Grand Slam,Outdoor,Hard,4th Round,5,Shelton B.,Ruud C.,7,13,Completed,1.53,2.5,,,1.55,2.6,1.53,2.47,file
2026-01-26,Australian Open,Grand Slam,Outdoor,Hard,4th Round,5,Sinner J.,Darderi L.,2,25,Completed,1.01,26,,,1.02,26,1.02,16.08,file
2026-01-27,Australian Open,Grand Slam,Outdoor,Hard,Quarterfinals,5,Alcaraz C.,De Minaur A.,1,6,Completed,1.14,5.5,,,1.16,6,1.14,5.39,file
2026-01-27,Australian Open,Grand Slam,Outdoor,Hard,Quarterfinals,5,Zverev A.,Tien L.,3,29,Completed,1.44,2.75,,,1.5,2.9,1.44,2.75,file
2026-01-28,Australian Open,Grand Slam,Outdoor,Hard,Quarterfinals,5,Djokovic N.,Musetti L.,4,5,Retired,1.3,3.5,,,1.35,4,1.31,3.38,file
2026-01-28,Australian Open,Grand Slam,Outdoor,Hard,Quarterfinals,5,Sinner J.,Shelton B.,2,7,Completed,1.08,8,,,1.1,8.5,1.08,7.42,file
2026-01-30,Australian Open,Grand Slam,Outdoor,Hard,Semifinals,5,Alcaraz C.,Zverev A.,1,3,Completed,1.14,5.5,,,1.19,5.5,1.16,5.19,file
2026-01-30,Australian Open,Grand Slam,Outdoor,Hard,Semifinals,5,Djokovic N.,Sinner J.,4,2,Completed,10,1.06,,,10,1.08,8.63,1.07,file
2026-02-01,Australian Open,Grand Slam,Outdoor,Hard,The Final,5,Alcaraz C.,Djokovic N.,1,4,Completed,1.3,3.5,,,1.33,3.8,1.31,3.44,file
